{
  "version": 1,
  "author": "Anonymous maker",
  "editor": "wokwi",
  "parts": [
    { "type": "board-esp32-devkit-c-v4", "id": "esp", "top": 28.8, "left": 110.44, "attrs": {} },
    { "type": "wokwi-relay-module", "id": "relay1", "top": 77, "left": -86.4, "attrs": {} },
    { "type": "board-ds18b20", "id": "temp2", "top": 104.47, "left": 378.48, "attrs": {} },
    { "type": "board-ds18b20", "id": "temp1", "top": -29.93, "left": 378.48, "attrs": {} },
    { "type": "board-ds18b20", "id": "temp3", "top": 258.07, "left": 378.48, "attrs": {} },
    { "type": "wokwi-vcc", "id": "vcc1", "top": -56.84, "left": -19.2, "attrs": {} },
    {
      "type": "wokwi-rgb-led",
      "id": "rgb1",
      "top": -44,
      "left": 1.1,
      "attrs": { "common": "cathode" }
    },
    {
      "type": "wokwi-resistor",
      "id": "r1",
      "top": 33.6,
      "left": -38.95,
      "rotate": 90,
      "attrs": { "value": "1000" }
    },
    { "type": "wokwi-gnd", "id": "gnd2", "top": 19.2, "left": 9, "attrs": {} },
    {
      "type": "wokwi-buzzer",
      "id": "bz1",
      "top": -103.2,
      "left": 126.6,
      "attrs": { "volume": "0.1" }
    },
    {
      "type": "wokwi-text",
      "id": "text1",
      "top": -28.8,
      "left": 422.4,
      "attrs": { "text": "LID " }
    },
    {
      "type": "wokwi-text",
      "id": "text2",
      "top": 115.2,
      "left": 422.4,
      "attrs": { "text": "BODY\n" }
    },
    {
      "type": "wokwi-text",
      "id": "text3",
      "top": 268.8,
      "left": 432,
      "attrs": { "text": "BOTTOM\n" }
    },
    {
      "type": "wokwi-resistor",
      "id": "r2",
      "top": 13.85,
      "left": 238.6,
      "rotate": 180,
      "attrs": { "value": "1000" }
    },
    {
      "type": "wokwi-resistor",
      "id": "r3",
      "top": 148.25,
      "left": 257.8,
      "rotate": 180,
      "attrs": { "value": "1000" }
    },
    {
      "type": "wokwi-resistor",
      "id": "r4",
      "top": 301.85,
      "left": 248.2,
      "rotate": 180,
      "attrs": { "value": "1000" }
    }
  ],
  "connections": [
    [ "esp:TX", "$serialMonitor:RX", "", [] ],
    [ "esp:RX", "$serialMonitor:TX", "", [] ],
    [ "esp:GND.2", "temp1:GND", "black", [ "v0", "h172.8" ] ],
    [ "temp2:GND", "esp:GND.2", "black", [ "v0", "h-28.8", "v-105.6" ] ],
    [ "temp3:GND", "esp:GND.2", "black", [ "h-28.8", "v-249.6" ] ],
    [ "temp1:DQ", "esp:16", "blue", [ "v48", "h-57.6", "v96" ] ],
    [ "temp2:DQ", "esp:4", "blue", [ "v9.6" ] ],
    [ "relay1:IN", "esp:13", "yellow", [ "h-9.6", "v67" ] ],
    [ "rgb1:R", "relay1:NO", "orange", [ "h-9.6", "v57.6", "h86.4", "v59.4" ] ],
    [ "vcc1:VCC", "r1:1", "red", [ "v0" ] ],
    [ "r1:2", "relay1:COM", "red", [ "h86.4", "v8.4" ] ],
    [ "rgb1:COM", "gnd2:GND", "black", [ "v0" ] ],
    [ "rgb1:G", "relay1:NC", "green", [ "v19.2", "h39.7", "v76.8" ] ],
    [ "relay1:GND", "esp:GND.1", "black", [ "h-19.2", "v105.2", "h9.6" ] ],
    [ "relay1:VCC", "esp:5V", "red", [ "h-28.8", "v134.4" ] ],
    [ "bz1:1", "esp:GND.1", "black", [ "v9.6", "h-57.6", "v192" ] ],
    [ "bz1:2", "esp:12", "yellow", [ "v19.2", "h-58", "v172.8" ] ],
    [ "temp3:DQ", "esp:2", "blue", [ "v9.6", "h-57.6", "v-124.8" ] ],
    [ "esp:3V3", "r2:2", "green", [ "h0.15", "v-38.4", "h134.4" ] ],
    [ "esp:3V3", "r3:2", "green", [ "h0.15", "v-38.4", "h124.8", "v86.4" ] ],
    [ "esp:3V3", "r4:2", "gray", [ "h0.15", "v-38.4", "h124.8", "v211.2" ] ],
    [ "r2:1", "temp1:DQ", "green", [ "v0" ] ],
    [ "r3:1", "temp2:DQ", "green", [ "v0" ] ],
    [ "r4:1", "temp3:DQ", "green", [ "v0" ] ],
    [ "r2:2", "temp1:VCC", "red", [ "v28.8", "h164.4" ] ],
    [ "r2:2", "temp2:VCC", "green", [ "v76.8", "h231.6", "v-9.6" ] ],
    [ "temp2:VCC", "temp3:VCC", "red", [ "v76.8", "h19.2", "v76.8" ] ]
  ],
  "dependencies": {}
}